[{"tip":"category","isim":"✮ ▬  ▬ Duyuru Kanalları▬  ▬ ✮","parentname":"Yok"},{"tip":"text","isim":"【📃-】кυяαℓℓαя","parentname":"✮ ▬  ▬ Duyuru Kanalları▬  ▬ ✮"},{"tip":"text","isim":"「💚」gelen-giden","parentname":"✮ ▬  ▬ Duyuru Kanalları▬  ▬ ✮"},{"tip":"text","isim":"【👑】sayaç","parentname":"✮ ▬  ▬ Duyuru Kanalları▬  ▬ ✮"},{"tip":"text","isim":"【🎉】çєкιℓιş","parentname":"✮ ▬  ▬ Duyuru Kanalları▬  ▬ ✮"},{"tip":"text","isim":"【📢-】∂υуυяυℓαя","parentname":"✮ ▬  ▬ Duyuru Kanalları▬  ▬ ✮"},{"tip":"text","isim":"【🎀】ραятηєя","parentname":"✮ ▬  ▬ Duyuru Kanalları▬  ▬ ✮"},{"tip":"category","isim":"✮ ▬  ▬ Metin Kanalları▬  ▬ ✮","parentname":"Yok"},{"tip":"text","isim":"【🎁】şikayet-ve-öneriler","parentname":"✮ ▬  ▬ Metin Kanalları▬  ▬ ✮"},{"tip":"text","isim":"【👥】video-duyurular","parentname":"✮ ▬  ▬ Metin Kanalları▬  ▬ ✮"},{"tip":"text","isim":"【📷】galeri-odası","parentname":"✮ ▬  ▬ Metin Kanalları▬  ▬ ✮"},{"tip":"text","isim":"【🤖】bot-komut","parentname":"✮ ▬  ▬ Metin Kanalları▬  ▬ ✮"},{"tip":"text","isim":"【👻】sohbet-odası","parentname":"✮ ▬  ▬ Metin Kanalları▬  ▬ ✮"},{"tip":"voice","isim":"🌹》Kurucu Odası","parentname":"Yok"},{"tip":"category","isim":"|▬▬|Ses Kanalları|▬▬|","parentname":"Yok"},{"tip":"voice","isim":"👍》Sesli Yönetici Odası","parentname":"|▬▬|Ses Kanalları|▬▬|"},{"tip":"voice","isim":"💬》Sesli Sohbet Odası","parentname":"|▬▬|Ses Kanalları|▬▬|"},{"tip":"category","isim":"Server Panel","parentname":"Yok"},{"tip":"voice","isim":"Toplam Üye • 9","parentname":"Server Panel"},{"tip":"voice","isim":"Çevrimiçi Üye • 8","parentname":"Server Panel"},{"tip":"voice","isim":"Botlar •  6","parentname":"Server Panel"},{"tip":"voice","isim":"Rekor Online • Bakımda!","parentname":"Server Panel"}]